model,model_key,method,is_track,enrich_Cancer_fold,enrich_Cancer_p,enrich_TSG_fold,enrich_TSG_p,enrich_Oncogene_fold,enrich_Oncogene_p,dir_corrective_TSG_fold,dir_corrective_TSG_p,dir_corrective_Oncogene_fold,dir_corrective_Oncogene_p,dir_cumulative_TSG_fold,dir_cumulative_TSG_p,dir_cumulative_Oncogene_fold,dir_cumulative_Oncogene_p,asymmetry_p,asymmetry_delta,pop_depletion_p,pop_depletion_ratio,cooc_rho_cond,cooc_p_cond,cooc_rho_cases
AlphaGenome,alphagenome,epistasis (log_MR),True,1.348314606738543,0.010063682406757486,1.3980582524217553,0.02579001550765265,1.4229249011801466,0.020360674932257523,1.7192189105611861,0.04352783014230867,1.8386091126791007,0.034416915224048,1.3353086419681766,0.0843443816373379,1.401036269422782,0.04676055600678915,0.27905536339120834,0.10706588374474237,0.0,41.22018994149298,0.1636044367218205,2.9036365394146815e-66,0.08325286226084921
AlphaGenome,alphagenome,baseline (max_single),True,1.0112359550539074,0.4919410557410003,1.165048543684796,0.21527849047485886,0.8300395256884189,0.8423104527987755,,,,,,,,,,,0.0,7.198880099893459,0.025054542630623653,0.008899739907623596,-0.001036434389476475
AlphaGenome,alphagenome,baseline (sum_singles),True,0.9887640449415982,0.5559515269378299,1.2038834951409558,0.1620936686540984,0.7905138339889703,0.8902467452855385,,,,,,,,,,,0.0,7.390862619135151,0.036958869725012784,0.00011362145680109092,0.003971273315062809
AlphaGenome,alphagenome,baseline (len_WT_M12),True,0.853932584267744,0.870722750604307,1.0485436893163165,0.4274823861633514,0.6719367588906248,0.9726344409616935,,,,,,,,,,,0.0,6.828386666706126,0.007786158488102767,0.4163224690968228,-0.012964489811783718
Borzoi,borzoi,epistasis (log_MR),True,1.2443438913998996,0.05182412254286599,1.335952848717737,0.05118714629224862,1.225296442682904,0.1394195436445661,1.458064516102458,0.17960554241400656,1.734956575648937,0.07148858602902601,1.1548221515268797,0.26474900690973063,1.0465341561371497,0.44694497467282546,0.35304557841358997,0.09536522894367977,0.0,50.497032678764384,0.16335183025064692,1.3672785893647425e-65,0.1036026238097303
Borzoi,borzoi,baseline (max_single),True,1.1764705882326323,0.12118628183746714,0.8251473477374258,0.8495372369923331,1.5019762845790436,0.0077460609897844045,,,,,,,,,,,0.0,81.48377036928979,0.028485384760489025,0.003043729336269655,-0.01821605405575492
Borzoi,borzoi,baseline (sum_singles),True,1.1538461538435432,0.15514543094271466,0.9430255402713438,0.648828484270958,1.4229249011801466,0.020341363925532204,,,,,,,,,,,0.0,83.31192258481057,0.03472024291452201,0.0003035579452521645,-0.015971186351301198
Borzoi,borzoi,baseline (len_WT_M12),True,1.131221719454454,0.19509640518130308,0.7858546168927865,0.8958203155078135,1.4624505928795952,0.012725896996913517,,,,,,,,,,,0.0,73.32016565998438,0.01888472363599623,0.04949269272080146,-0.018721064423134606
Caduceus,caduceus,epistasis (log_MR),False,1.440052875079377,0.0017569163363225602,1.1665476870314435,0.2132231266399245,1.8600979423316295,2.6497444515416772e-05,1.6004742368729152,0.059941405582396266,2.3304175736884116,0.0005428246062339191,0.7957677165309099,0.8482217134229815,1.539067231971845,0.016384967631683022,0.5011008783463813,0.08276783612333179,0.0,91.09598952050642,0.18726534833810018,1.5071107140853197e-86,0.10665028305944665
Caduceus,caduceus,baseline (max_single),False,1.8900693985416825,5.870857944329679e-09,1.322087378635636,0.05765456984259749,2.453746221799171,3.072182016098766e-11,,,,,,,,,,,0.0,4.833839297671797,-0.005151854571506342,0.590809578891099,-0.005069679212269886
Caduceus,caduceus,baseline (sum_singles),False,1.9800727032341434,2.233409971502559e-10,1.322087378635636,0.05765456984259749,2.453746221799171,3.072182016098766e-11,,,,,,,,,,,0.0,5.035385926625152,-0.01364083828390396,0.1545460291869488,-0.00967447834385369
Caduceus,caduceus,baseline (len_WT_M12),False,1.6425603106374145,1.3437100393430323e-05,1.360972301536684,0.038766731618042026,1.8600979423316295,2.6497444515416772e-05,,,,,,,,,,,0.0,4.6618067776075955,-0.03810149889674959,6.955401250213926e-05,-0.013360159133453486
ConvNova,convnova,epistasis (log_MR),False,1.2359550561769979,0.05741729046681511,1.2815533980532756,0.08449377759807027,1.3833992094806982,0.031650018687194546,1.3753918494982522,0.2678658883137813,1.3912009512162564,0.25923176831474826,1.3121928471438309,0.08428824194644391,1.4327642662726705,0.029324053567747366,0.45942235337258247,0.09051249904388828,0.0,692.4121247995829,0.21599596336493487,3.045121982128035e-115,0.14349377557507764
ConvNova,convnova,baseline (max_single),False,1.303370786513925,0.021313451369580728,1.165048543684796,0.21527849047485886,1.6205533596773891,0.0014893563698220164,,,,,,,,,,,0.0,23.998625209797133,0.01967189837309101,0.03999799043012678,-0.047031885125776975
ConvNova,convnova,baseline (sum_singles),False,1.1685393258400707,0.13153516788948003,1.2038834951409558,0.1620936686540984,1.3833992094806982,0.031650018687194546,,,,,,,,,,,0.0,18.393994395954703,0.022170336979190797,0.02063099051110839,-0.03952597485428368
ConvNova,convnova,baseline (len_WT_M12),False,1.0561797752785254,0.3673222599793158,1.2038834951409558,0.1620936686540984,1.1067193675845586,0.314967340060603,,,,,,,,,,,0.0,10.691036085161663,-0.009039536957074748,0.3453401446673959,-0.004566618240821135
DNABERT,dnabert,epistasis (log_MR),False,0.9887640449415982,0.5559515269378299,0.8932038834916769,0.7446112641650606,1.225296442682904,0.13946082507078725,1.710201550361008,0.05336910866806154,1.3044552845315756,0.2679423428448147,0.7265139055448467,0.9217843119921281,1.359808570691493,0.06738465179412055,0.24922655891475032,0.10518082351586647,0.0,113.59916590641662,0.18106448888468943,5.50555768137896e-81,0.13859311977179062
DNABERT,dnabert,baseline (max_single),False,0.7640449438185077,0.9652058304764954,0.6601941747547178,0.977704605467643,0.9486166007867644,0.6372542558792413,,,,,,,,,,,0.0,5.504528871804354,-0.002152358425313163,0.8222225406180619,-0.006823775313376444
DNABERT,dnabert,baseline (sum_singles),False,0.8314606741554349,0.9030194566673493,0.7378640776670374,0.9387204355444649,0.8695652173878674,0.7833007310445537,,,,,,,,,,,0.0,4.855536328055424,-0.007630138621198126,0.4257239912605798,-0.0030539822907271006
DNABERT,dnabert,baseline (len_WT_M12),False,0.5842696629200353,0.9994433424816439,0.5048543689300783,0.9986099939472435,0.6719367588906248,0.9726344409616935,,,,,,,,,,,0.0,5.366982319387828,-0.010916653444393595,0.25443826200801944,-0.021155256818162733
Evo2,evo2,epistasis (log_MR),False,1.3707865168508522,0.006732905338704379,1.5145631067902348,0.006149150087526279,1.3438735177812495,0.04784224553793141,1.692335833157037,0.048657976841172,1.177998472096295,0.3837798640322324,1.3432322815628663,0.07985984886453286,1.0874975153988604,0.3765762526766835,0.11012696892935042,0.11883490534456037,0.0,34.36097403514842,0.15434158619855506,4.349094886369141e-59,0.0525343067538077
Evo2,evo2,baseline (max_single),False,0.876404494380053,0.8319678481135101,0.8543689320355171,0.8090804123872113,0.9486166007867644,0.6372542558792413,,,,,,,,,,,0.0,11.955987052509121,0.06866594664426531,7.147460000894374e-13,-0.02750243100935757
Evo2,evo2,baseline (sum_singles),False,0.9887640449415982,0.5559515269378299,1.0485436893163165,0.4274823861633514,1.0276679841856615,0.47199877399962675,,,,,,,,,,,0.0,10.476817578076663,0.060917915220508094,1.950361645249507e-10,-0.023834323826351502
Evo2,evo2,baseline (len_WT_M12),False,1.0112359550539074,0.4919410557410003,1.2427184465971157,0.1186812651969833,1.0276679841856615,0.47199877399962675,,,,,,,,,,,0.0,10.594817405750115,0.05871504834338253,8.536268393715275e-10,-0.034356067616857035
HyenaDNA,hyenadna,epistasis (log_MR),False,1.1925437871751092,0.09990963740096699,1.1665476870314435,0.2132231266399245,1.3456027667930937,0.04713079120534729,1.5057692307440382,0.14001209867873973,0.8579881656657505,0.703700958067637,0.911832691244693,0.6937525725833791,1.2859679842960068,0.11615806879371576,0.3270406063796154,0.08948170284801846,0.0,165.2548202656388,0.22047968974819435,4.751755361777496e-120,0.148105119262647
HyenaDNA,hyenadna,baseline (max_single),False,1.1025404824826481,0.253617702386936,1.049892918328299,0.42477444521428964,1.2664496628640882,0.09919542520608744,,,,,,,,,,,0.0,6.3118093198715455,0.01417084008784758,0.13914661666470304,-0.02145818622763764
HyenaDNA,hyenadna,baseline (sum_singles),False,1.3050479180406855,0.020821657860761997,1.2832024557345878,0.0833861455703489,1.3851793187575965,0.031139032819426926,,,,,,,,,,,0.0,5.5265495485253116,0.015562586382043234,0.10432322441714098,-0.011979202858606453
HyenaDNA,hyenadna,baseline (len_WT_M12),False,1.1250413086557634,0.20633410624840043,1.2054326099324915,0.1603588008129366,1.2268731108995854,0.1379009440390047,,,,,,,,,,,0.0,5.641400163205528,0.005761263119708014,0.5476641998003543,-0.029916451461504928
MutBERT,mutbert,epistasis (log_MR),False,1.6853932584231788,3.980714422714013e-06,1.7087378640710342,0.00033255793321386505,1.8577075098740803,2.7385036348277727e-05,1.628378378348916,0.09744775522268449,1.521464646441498,0.11728427875723907,1.7347165140956429,0.0009598768068379381,1.9809428917258487,4.7539771102476244e-05,0.6131828754772009,0.08990806279014057,0.0,147.43743447720732,0.19900598945193693,9.054502467125463e-98,0.12180431850810372
MutBERT,mutbert,baseline (max_single),False,1.1235955056154525,0.2090249568681632,1.2815533980532756,0.08449377759807027,1.1857707509834554,0.18821422174384328,,,,,,,,,,,0.0,8.139465223818295,0.019794069002862385,0.03877875373613174,-0.0639188699186912
MutBERT,mutbert,baseline (sum_singles),False,1.0112359550539074,0.4919410557410003,1.2038834951409558,0.1620936686540984,1.06719367588511,0.39081416932409413,,,,,,,,,,,0.0,6.522467304817671,0.030703086555326546,0.001346480385378298,-0.05534246848908728
MutBERT,mutbert,baseline (len_WT_M12),False,1.0786516853908346,0.3096479941299101,1.2815533980532756,0.08449377759807027,1.225296442682904,0.13946082507078725,,,,,,,,,,,7.8314345306245e-310,5.663218763194677,0.009188026978880938,0.33747391177383457,-0.025727752536997207
NT-50M-3mer,nt50_3mer,epistasis (log_MR),False,1.5955056179739426,4.654419233614157e-05,1.5533980582463947,0.0036139252673962523,1.6996047430762862,0.0004347911401843681,1.4814814814266117,0.2815872191679558,1.36363636357438,0.3796264593543548,1.4750542299285248,0.01453357073932821,1.8614718614638033,5.565519130096434e-05,0.5825604504283654,0.08488555812401037,0.0,198.50665474651666,0.21261415301754266,1.2181715893806322e-111,0.11838890304254408
NT-50M-3mer,nt50_3mer,baseline (max_single),False,1.6853932584231788,3.980714422714013e-06,1.4757281553340749,0.010188093160911954,1.6600790513768378,0.0008151462550042302,,,,,,,,,,,0.0,92.41443637906832,0.01257283373578419,0.18933674744331253,-0.06300487492892523
NT-50M-3mer,nt50_3mer,baseline (sum_singles),False,1.6179775280862516,2.5793031220590703e-05,1.6310679611587144,0.0011539582912469318,1.3438735177812495,0.04784224553793141,,,,,,,,,,,0.0,82.52311392649189,0.02375728889176453,0.013123530060322278,-0.05048083729762466
NT-50M-3mer,nt50_3mer,baseline (len_WT_M12),False,1.5730337078616337,8.26153043778631e-05,1.3980582524217553,0.02579001550765265,1.5810276679779407,0.002651067411582372,,,,,,,,,,,0.0,73.65281942006142,-0.011389619228503204,0.23443441481973032,-0.06230854030153105
NT-50M,nt50_multi,epistasis (log_MR),False,1.5056179775247065,0.00041790721637405796,1.4757281553340749,0.010188093160911954,1.4624505928795952,0.012740225139155148,1.301707779843787,0.3695699184350932,1.5824682813676139,0.2427059842897822,1.3701803169254667,0.04572957489078718,1.4961727927179331,0.011902899835116684,0.2916004483258897,0.09370588269008512,0.0,150.04474380257085,0.21881945255662366,2.6824766863216616e-118,0.12224479271817662
NT-50M,nt50_multi,baseline (max_single),False,1.5730337078616337,8.26153043778631e-05,1.5533980582463947,0.0036139252673962523,1.4229249011801466,0.020360674932257523,,,,,,,,,,,0.0,74.6296794969764,0.017093034510875016,0.07434393406481318,-0.03680655850461221
NT-50M,nt50_multi,baseline (sum_singles),False,1.6629213483108698,7.542142018825648e-06,1.7087378640710342,0.00033255793321386505,1.3833992094806982,0.031650018687194546,,,,,,,,,,,0.0,76.37631334833665,0.02134628272597294,0.025839487759166842,-0.020202598218568377
NT-50M,nt50_multi,baseline (len_WT_M12),False,1.4831460674123973,0.0006935007897350743,1.6310679611587144,0.0011539582912469318,1.146245059284007,0.24691867371267998,,,,,,,,,,,0.0,62.08717800856846,-0.0061926377757170505,0.5179799301751713,-0.04038952363957938
NT-100M,nt100_multi,epistasis (log_MR),False,1.4606741573000883,0.0011312811810190494,1.2038834951409558,0.1620936686540984,1.6600790513768378,0.0008151462550042302,1.0393162392892348,0.5462988634581374,1.2471794871406008,0.4011833939104255,1.2362085594814516,0.14791179087095924,1.5425872828400244,0.007640623217381857,0.2864497816893311,0.09666504807653262,0.0,125.87143394428215,0.21460742943410963,9.33475089126396e-114,0.11446719102470519
NT-100M,nt100_multi,baseline (max_single),False,1.7752808988724151,2.6357365557086187e-07,1.7087378640710342,0.00033255793321386505,1.6600790513768378,0.0008151462550042302,,,,,,,,,,,0.0,80.83751495474765,0.023839646273156295,0.012810282073822638,-0.06843009668633623
NT-100M,nt100_multi,baseline (sum_singles),False,1.6853932584231788,3.980714422714013e-06,1.7087378640710342,0.00033255793321386505,1.5019762845790436,0.00775627239133294,,,,,,,,,,,0.0,74.69283137911862,0.02955962596213724,0.0020257154297826834,-0.05085749528785039
NT-100M,nt100_multi,baseline (len_WT_M12),False,1.6404494381985608,1.4061346944112624e-05,1.5922330097025545,0.0020688237763101195,1.5019762845790436,0.00775627239133294,,,,,,,,,,,0.0,65.90134319899302,0.003268818123995749,0.7329256198502289,-0.07831535198230523
NT-250M,nt250_multi,epistasis (log_MR),False,1.4382022471877793,0.0018138358451340038,1.436893203877915,0.016431602154250078,1.304347826081801,0.0703091475052539,1.0384615384345786,0.5466211174034429,1.1911764705527628,0.43627392714300856,1.3735697940440543,0.04740322706285046,1.324752663616475,0.0731576714318555,0.502879198949751,0.07981768531461682,0.0,119.2816169398896,0.205423687043096,3.459469195631189e-104,0.11622287566422151
NT-250M,nt250_multi,baseline (max_single),False,1.730337078647797,1.0570812527451063e-06,1.747572815527194,0.00017193625509584888,1.541501976278492,0.004595724755484358,,,,,,,,,,,0.0,89.96440280545734,0.027913526285210422,0.003562687034859988,-0.07059029481632156
NT-250M,nt250_multi,baseline (sum_singles),False,1.6629213483108698,7.542142018825648e-06,1.7864077669833538,8.672958279283958e-05,1.3833992094806982,0.031650018687194546,,,,,,,,,,,0.0,79.58752564484976,0.03129803419845188,0.0010829639608930582,-0.05238609467162075
NT-250M,nt250_multi,baseline (len_WT_M12),False,1.5955056179739426,4.654419233614157e-05,1.747572815527194,0.00017193625509584888,1.304347826081801,0.0703091475052539,,,,,,,,,,,0.0,73.35477333797662,0.00759009445193827,0.42815682468911476,-0.08237407451242103
NT-500M,nt500_multi,epistasis (log_MR),False,1.5955056179739426,4.654419233614157e-05,1.6310679611587144,0.0011539582912469318,1.5810276679779407,0.002651067411582372,1.0042253520874642,0.5736095207840144,1.8258642765208766,0.08302649501068436,1.5194867682367887,0.010516394336619531,1.7274944928141232,0.0007719982350962941,0.44546570399866636,0.07747149607368836,0.0,99.43909995355834,0.20216210778996793,6.732540824184531e-101,0.11208798536531395
NT-500M,nt500_multi,baseline (max_single),False,1.3707865168508522,0.006732905338704379,0.7766990291231973,0.9061745107513343,1.8577075098740803,2.7385036348277727e-05,,,,,,,,,,,0.0,61.38606031670197,0.039994049585306675,2.9577718295464647e-05,-0.06492485809287925
NT-500M,nt500_multi,baseline (sum_singles),False,1.5505617977493245,0.00014422203457020618,1.4757281553340749,0.010188093160911954,1.4624505928795952,0.012740225139155148,,,,,,,,,,,0.0,56.51191606125184,0.0497131656748915,2.0712980157916457e-07,-0.05916852288308014
NT-500M,nt500_multi,baseline (len_WT_M12),False,1.3707865168508522,0.006732905338704379,0.9708737864039967,0.5918408269520978,1.7391304347757348,0.00022609103731045308,,,,,,,,,,,0.0,51.87420578794079,0.026328902929729472,0.005978113881342362,-0.07698353810619417
NT-500M-ref,nt500_ref,epistasis (log_MR),False,1.2584269662893068,0.04201459486547321,1.2038834951409558,0.1620936686540984,1.304347826081801,0.0703091475052539,0.94117647056609,0.6266940125777831,2.0289855071875653,0.05201114284079602,1.2558139534825312,0.13011262983193614,1.372997711664197,0.047573028784721215,0.14244226821371142,0.09302996981736125,0.0,126.76896892955125,0.21553632732624156,9.480466201285754e-115,0.10500231685807929
NT-500M-ref,nt500_ref,baseline (max_single),False,1.9550561797708874,5.531439968686997e-10,1.8640776698956736,2.052259772033816e-05,1.6996047430762862,0.0004347911401843681,,,,,,,,,,,0.0,68.35799481845646,0.007554389971232484,0.43033281235808307,-0.061207536624902734
NT-500M-ref,nt500_ref,baseline (sum_singles),False,1.5280898876370155,0.00024758434317506103,1.3980582524217553,0.02579001550765265,1.4229249011801466,0.020360674932257523,,,,,,,,,,,0.0,68.60699378640648,0.014868215765753664,0.12061555678477183,-0.04552472026874417
NT-500M-ref,nt500_ref,baseline (len_WT_M12),False,1.7977528089847241,1.2858014357699087e-07,1.7864077669833538,8.672958279283958e-05,1.5810276679779407,0.002651067411582372,,,,,,,,,,,0.0,58.23882338118403,-0.017563741573315906,0.0667075125086216,-0.0615830449149792
NT-2.5B,nt2500_multi,epistasis (log_MR),False,1.1235955056154525,0.2090249568681632,1.2815533980532756,0.08449377759807027,1.1857707509834554,0.18821422174384328,2.0064516128629672,0.024065650167328135,2.006451612852903,0.04216528368807332,1.2066892848497843,0.1891492940612632,1.222551866998197,0.1665022029217917,0.3169947135903205,0.08528894161527564,0.0,65.769690708186,0.18880608577304042,5.087656730449429e-88,0.10687601611526637
NT-2.5B,nt2500_multi,baseline (max_single),False,1.5505617977493245,0.00014422203457020618,1.3980582524217553,0.02579001550765265,1.7786561264751832,0.000114654736825784,,,,,,,,,,,0.0,26.99539038931866,0.015832042688685526,0.09836591470317134,-0.04046542886457449
NT-2.5B,nt2500_multi,baseline (sum_singles),False,1.730337078647797,1.0570812527451063e-06,1.6310679611587144,0.0011539582912469318,1.7391304347757348,0.00022609103731045308,,,,,,,,,,,0.0,29.313164086914526,0.027650890630928904,0.0038886176703116716,-0.032425188785775605
NT-2.5B,nt2500_multi,baseline (len_WT_M12),False,1.5280898876370155,0.00024758434317506103,1.5145631067902348,0.006149150087526279,1.6205533596773891,0.0014893563698220164,,,,,,,,,,,0.0,24.942786172026672,-0.006363017097067717,0.5065309409908373,-0.04860269401732362
NT-2.5B-1kGP,nt2500_okgp,epistasis (log_MR),False,1.303370786513925,0.021313451369580728,1.2427184465971157,0.1186812651969833,1.3438735177812495,0.04784224553793141,1.145714285681469,0.4671142057272313,2.4198275861232457,0.021749470151181734,1.215614263157309,0.16863117036187267,1.207473989073703,0.17744781008017743,0.32642808767942966,0.07646844606610834,0.0,176.49190831810165,0.20859636940608642,1.926250123856859e-107,0.10924216920688487
NT-2.5B-1kGP,nt2500_okgp,baseline (max_single),False,1.5505617977493245,0.00014422203457020618,0.8932038834916769,0.7446112641650606,1.9762845849724258,2.6705013125663887e-06,,,,,,,,,,,0.0,49.968417782975855,0.027547475573294847,0.0040242211378076305,-0.028964977070451398
NT-2.5B-1kGP,nt2500_okgp,baseline (sum_singles),False,1.5280898876370155,0.00024758434317506103,1.126213592228636,0.2780756709910453,1.7391304347757348,0.00022609103731045308,,,,,,,,,,,0.0,53.428338713749355,0.03683283169324688,0.00011990290809643136,-0.0208182452325582
NT-2.5B-1kGP,nt2500_okgp,baseline (len_WT_M12),False,1.5730337078616337,8.26153043778631e-05,1.126213592228636,0.2780756709910453,1.7786561264751832,0.000114654736825784,,,,,,,,,,,0.0,39.29980757354924,0.013117193220743803,0.17088145156356244,-0.024791337016210162
RiNALMo,rinalmo,epistasis (log_MR),False,1.303370786513925,0.021313451369580728,1.4757281553340749,0.010188093160911954,1.2648221343823525,0.10043964294843831,1.4161220043238751,0.24588068694355286,1.2538580246651554,0.34388721104870557,1.3510221507797828,0.05995249502680929,1.465785176203132,0.02238977291341516,0.8575577317862886,0.060296083722993415,0.0,121.9364888031109,0.213346652254638,2.0453109619309288e-112,0.09782429477231369
RiNALMo,rinalmo,baseline (max_single),False,1.2808988764016158,0.030194833838553172,1.3592233009655954,0.03938173466621188,1.06719367588511,0.39081416932409413,,,,,,,,,,,0.0,53.74556769072049,0.005306930240546675,0.5795787487464829,-0.014896367129296217
RiNALMo,rinalmo,baseline (sum_singles),False,1.348314606738543,0.010063682406757486,1.5145631067902348,0.006149150087526279,1.06719367588511,0.39081416932409413,,,,,,,,,,,0.0,48.5113211264594,0.030577658058641283,0.001409094668930151,-0.009562559237370052
RiNALMo,rinalmo,baseline (len_WT_M12),False,1.0561797752785254,0.3673222599793158,1.126213592228636,0.2780756709910453,0.7905138339889703,0.8902467452855385,,,,,,,,,,,0.0,48.06708487080973,-0.0034790834975735813,0.7164656289305351,-0.01755343319917206
SpeciesLM,specieslm,epistasis (log_MR),False,1.303370786513925,0.021313451369580728,1.3203883495094355,0.05849406153813586,1.3833992094806982,0.031650018687194546,1.038961038934053,0.5462800343612609,0.7594936708668483,0.7711289296046324,1.2328767123231377,0.15107537136191473,1.498829039805626,0.014051850176066989,0.3944762330502711,0.11344467258178784,0.0,164.1629605410628,0.2173169286138293,1.147374455684346e-116,0.12263431855636163
SpeciesLM,specieslm,baseline (max_single),False,0.9662921348292892,0.6189385989728744,0.8543689320355171,0.8090804123872113,1.1067193675845586,0.314967340060603,,,,,,,,,,,0.0,12.964761544196449,0.008998757979288029,0.3475206979041872,-0.04654842357919375
SpeciesLM,specieslm,baseline (sum_singles),False,1.1460674157277615,0.16729111302566266,1.3203883495094355,0.05849406153813586,0.9881422924862129,0.5553353614394287,,,,,,,,,,,0.0,14.698204522552029,0.019745354231193734,0.03926107871177341,-0.04510104502245897
SpeciesLM,specieslm,baseline (len_WT_M12),False,1.0112359550539074,0.4919410557410003,0.9708737864039967,0.5918408269520978,1.06719367588511,0.39081416932409413,,,,,,,,,,,0.0,10.844433693283648,0.018431334251775025,0.05432569238885064,-0.029029019809616658
